month,cost_usd,service
2025-08,106.95012537555131,EC2
2025-08,69.09208147141797,EC2
2025-08,27.79212479681006,EC2
2025-08,55.088036769463095,S3
2025-08,87.51008759257161,S3
2025-08,19.111534596172067,EC2
2025-08,20.642024240771747,EC2
2025-08,70.77153838170655,RDS
2025-08,136.16371280741419,RDS
2025-08,88.09999813563692,EC2
